tip,mood
Take three deep breaths and remind yourself that this feeling will pass,anxious
Take three deep breaths and remind yourself that this feeling will pass,anxious
Take three deep breaths and remind yourself that this feeling will pass,anxious
"Break your worries down into smaller, manageable pieces",anxious
"Break your worries down into smaller, manageable pieces",anxious
"Break your worries down into smaller, manageable pieces",anxious
Practice the 5-4-3-2-1 grounding technique to center yourself,anxious
Practice the 5-4-3-2-1 grounding technique to center yourself,anxious
Practice the 5-4-3-2-1 grounding technique to center yourself,anxious
"Remember that anxiety is temporary, but your strength is permanent",anxious
"Remember that anxiety is temporary, but your strength is permanent",anxious
"Remember that anxiety is temporary, but your strength is permanent",anxious
Focus on what you can control and let go of what you cannot,anxious
Focus on what you can control and let go of what you cannot,anxious
Focus on what you can control and let go of what you cannot,anxious
Your worries are not predictions of the future,anxious
Your worries are not predictions of the future,anxious
Your worries are not predictions of the future,anxious
"Take one step at a time, you don't need to solve everything at once",anxious
"Take one step at a time, you don't need to solve everything at once",anxious
"Take one step at a time, you don't need to solve everything at once",anxious
"Breathe in calm, breathe out tension",anxious
"Breathe in calm, breathe out tension",anxious
"Breathe in calm, breathe out tension",anxious
"You have survived difficult times before, you can do it again",anxious
"You have survived difficult times before, you can do it again",anxious
"You have survived difficult times before, you can do it again",anxious
"Ground yourself in the present moment, not future fears",anxious
"Ground yourself in the present moment, not future fears",anxious
"Ground yourself in the present moment, not future fears",anxious
Savor this beautiful moment and let joy fill your heart,happy
Savor this beautiful moment and let joy fill your heart,happy
Savor this beautiful moment and let joy fill your heart,happy
Share your happiness with someone you love,happy
Share your happiness with someone you love,happy
Share your happiness with someone you love,happy
Take a moment to appreciate all the good in your life,happy
Take a moment to appreciate all the good in your life,happy
Take a moment to appreciate all the good in your life,happy
Let this positive energy inspire you to spread kindness,happy
Let this positive energy inspire you to spread kindness,happy
Let this positive energy inspire you to spread kindness,happy
Document this happy moment to revisit when you need a boost,happy
Document this happy moment to revisit when you need a boost,happy
Document this happy moment to revisit when you need a boost,happy
"Your joy is contagious, let it brighten others' days too",happy
"Your joy is contagious, let it brighten others' days too",happy
"Your joy is contagious, let it brighten others' days too",happy
"Celebrate the small wins, they add up to big victories",happy
"Celebrate the small wins, they add up to big victories",happy
"Celebrate the small wins, they add up to big victories",happy
Gratitude turns what we have into enough,happy
Gratitude turns what we have into enough,happy
Gratitude turns what we have into enough,happy
"Happiness is not a destination, it's a way of traveling",happy
"Happiness is not a destination, it's a way of traveling",happy
"Happiness is not a destination, it's a way of traveling",happy
"Your smile is your superpower, use it generously",happy
"Your smile is your superpower, use it generously",happy
"Your smile is your superpower, use it generously",happy
"It's okay to feel sad, your emotions are valid and important",sad
"It's okay to feel sad, your emotions are valid and important",sad
"It's okay to feel sad, your emotions are valid and important",sad
"This difficult time will pass, like clouds moving across the sky",sad
"This difficult time will pass, like clouds moving across the sky",sad
"This difficult time will pass, like clouds moving across the sky",sad
"Be gentle with yourself, treat yourself with compassion",sad
"Be gentle with yourself, treat yourself with compassion",sad
"Be gentle with yourself, treat yourself with compassion",sad
Reach out to someone who cares about you,sad
Reach out to someone who cares about you,sad
Reach out to someone who cares about you,sad
Small acts of self-care can make a big difference,sad
Small acts of self-care can make a big difference,sad
Small acts of self-care can make a big difference,sad
"Your feelings are temporary visitors, not permanent residents",sad
"Your feelings are temporary visitors, not permanent residents",sad
"Your feelings are temporary visitors, not permanent residents",sad
"Even in darkness, you carry a light within you",sad
"Even in darkness, you carry a light within you",sad
"Even in darkness, you carry a light within you",sad
"Healing takes time, be patient with your process",sad
"Healing takes time, be patient with your process",sad
"Healing takes time, be patient with your process",sad
You are stronger than you know and braver than you feel,sad
You are stronger than you know and braver than you feel,sad
You are stronger than you know and braver than you feel,sad
Tomorrow is a new day with new possibilities,sad
Tomorrow is a new day with new possibilities,sad
Tomorrow is a new day with new possibilities,sad
"Rest is not a reward for work completed, it's a necessity",tired
"Rest is not a reward for work completed, it's a necessity",tired
"Rest is not a reward for work completed, it's a necessity",tired
"Listen to your body, it's telling you what you need",tired
"Listen to your body, it's telling you what you need",tired
"Listen to your body, it's telling you what you need",tired
Quality sleep is an investment in tomorrow's energy,tired
Quality sleep is an investment in tomorrow's energy,tired
Quality sleep is an investment in tomorrow's energy,tired
"Take a power nap if possible, even 10-20 minutes helps",tired
"Take a power nap if possible, even 10-20 minutes helps",tired
"Take a power nap if possible, even 10-20 minutes helps",tired
"Hydrate yourself, dehydration increases fatigue",tired
"Hydrate yourself, dehydration increases fatigue",tired
"Hydrate yourself, dehydration increases fatigue",tired
Step outside for fresh air and natural light,tired
Step outside for fresh air and natural light,tired
Step outside for fresh air and natural light,tired
"Prioritize your tasks, not everything needs to be done today",tired
"Prioritize your tasks, not everything needs to be done today",tired
"Prioritize your tasks, not everything needs to be done today",tired
Your body needs rest to recharge and rebuild,tired
Your body needs rest to recharge and rebuild,tired
Your body needs rest to recharge and rebuild,tired
Be kind to yourself when energy levels are low,tired
Be kind to yourself when energy levels are low,tired
Be kind to yourself when energy levels are low,tired
Sometimes the most productive thing you can do is rest,tired
Sometimes the most productive thing you can do is rest,tired
Sometimes the most productive thing you can do is rest,tired
"Hold onto hope, it's the anchor that keeps you steady",hopeful
"Hold onto hope, it's the anchor that keeps you steady",hopeful
"Hold onto hope, it's the anchor that keeps you steady",hopeful
Your optimism is a powerful force for positive change,hopeful
Your optimism is a powerful force for positive change,hopeful
Your optimism is a powerful force for positive change,hopeful
Channel this hope into action toward your goals,hopeful
Channel this hope into action toward your goals,hopeful
Channel this hope into action toward your goals,hopeful
Hope is the thing with feathers that perches in the soul,hopeful
Hope is the thing with feathers that perches in the soul,hopeful
Hope is the thing with feathers that perches in the soul,hopeful
Share your hope with others who need encouragement,hopeful
Share your hope with others who need encouragement,hopeful
Share your hope with others who need encouragement,hopeful
Plant seeds of possibility with your hopeful energy,hopeful
Plant seeds of possibility with your hopeful energy,hopeful
Plant seeds of possibility with your hopeful energy,hopeful
Hope combined with action creates miracles,hopeful
Hope combined with action creates miracles,hopeful
Hope combined with action creates miracles,hopeful
Your hope today creates tomorrow's reality,hopeful
Your hope today creates tomorrow's reality,hopeful
Your hope today creates tomorrow's reality,hopeful
Believe in the beauty of your dreams,hopeful
Believe in the beauty of your dreams,hopeful
Believe in the beauty of your dreams,hopeful
Hope is seeing light despite all the darkness,hopeful
Hope is seeing light despite all the darkness,hopeful
Hope is seeing light despite all the darkness,hopeful
Take time to check in with yourself and your needs,neutral
Take time to check in with yourself and your needs,neutral
Take time to check in with yourself and your needs,neutral
Practice mindfulness and stay present in this moment,neutral
Practice mindfulness and stay present in this moment,neutral
Practice mindfulness and stay present in this moment,neutral
Set one small intention for the day ahead,neutral
Set one small intention for the day ahead,neutral
Set one small intention for the day ahead,neutral
"Balance is not something you find, it's something you create",neutral
"Balance is not something you find, it's something you create",neutral
"Balance is not something you find, it's something you create",neutral
"Progress is progress, no matter how small",neutral
"Progress is progress, no matter how small",neutral
"Progress is progress, no matter how small",neutral
Be curious about your inner world and experiences,neutral
Be curious about your inner world and experiences,neutral
Be curious about your inner world and experiences,neutral
Consistency in small actions leads to big changes,neutral
Consistency in small actions leads to big changes,neutral
Consistency in small actions leads to big changes,neutral
"Your mental health matters, prioritize it daily",neutral
"Your mental health matters, prioritize it daily",neutral
"Your mental health matters, prioritize it daily",neutral
"Notice the good around you, it's always there",neutral
"Notice the good around you, it's always there",neutral
"Notice the good around you, it's always there",neutral
Every day is a new opportunity to grow and learn,neutral
Every day is a new opportunity to grow and learn,neutral
Every day is a new opportunity to grow and learn,neutral
